<soap:Envelope xmlns:soap="http://www.w3.org/2003/05/soap-envelope">
	<soap:Body>
		<ns2:retrieveFinancialSituationData xmlns:ns2="http://endpoint.fna.ws.custfinplan.finmktoffermgmt.group.hsbc.com/">
			<arg0>
				<sessionInfo>
					<businessLine>PFS</businessLine>
					<channelId>OHB</channelId>
					<countryCode>CN</countryCode>
					<employeeUserId>43367026</employeeUserId>
					<groupMember>HSBC</groupMember>
					<hubUserId>WD01</hubUserId>
					<hubWorkstationId>WD01</hubWorkstationId>
				</sessionInfo>
				<customers>
					<countryISOCode>CN</countryISOCode>
					<customerAttribute>
						<attributeKey/>
						<attributeValue/>
					</customerAttribute>
					<groupMemberCode>HSBC</groupMemberCode>
					<rolePlayerIdentificationNumber>CNHSBC406001768</rolePlayerIdentificationNumber>
					<sourceSystemRolePlayerCode>CDM</sourceSystemRolePlayerCode>
				</customers>
				<requestComment>
					<commentType>EF</commentType>
				</requestComment>
				<requestComment>
					<commentType>INVST</commentType>
				</requestComment>
				<requestComment>
					<commentType>SOFT_FACT</commentType>
				</requestComment>
				<requestComment>
					<commentType>CUST_INFO</commentType>
				</requestComment>
				<requestInvestorIndicator>
					<indicatorKey>INV</indicatorKey>
				</requestInvestorIndicator>
				<requestInvestorIndicator>
					<indicatorKey>AIPI</indicatorKey>
				</requestInvestorIndicator>
				<requestInvestorIndicator>
					<indicatorKey>EF</indicatorKey>
				</requestInvestorIndicator>
				<requestInvestorIndicator>
					<indicatorKey>DCI</indicatorKey>
				</requestInvestorIndicator>
				<requestInvestorIndicator>
					<indicatorKey>MR</indicatorKey>
				</requestInvestorIndicator>
			</arg0>
		</ns2:retrieveFinancialSituationData>
	</soap:Body>
</soap:Envelope>