<soap:Envelope xmlns:soap="http://www.w3.org/2003/05/soap-envelope">
	<soap:Body>
		<ns2:retrieveCustomerFinancialInfo xmlns:ns2="http://endpoint.custmgmt.ws.custfinplan.finmktoffermgmt.group.hsbc.com/">
			<arg0>
				<sessionInfo>
					<businessLine>PFS</businessLine>
					<channelId>OHB</channelId>
					<countryCode>CN</countryCode>
					<employeeUserId>43367026</employeeUserId>
					<groupMember>HSBC</groupMember>
					<hubUserId>WD01</hubUserId>
					<hubWorkstationId>WD01</hubWorkstationId>
				</sessionInfo>
				<customers>
					<countryISOCode>CN</countryISOCode>
					<customerAttribute>
						<attributeKey/>
						<attributeValue/>
					</customerAttribute>
					<groupMemberCode>HSBC</groupMemberCode>
					<rolePlayerIdentificationNumber>CNHSBC406001768</rolePlayerIdentificationNumber>
					<sourceSystemRolePlayerCode>CDM</sourceSystemRolePlayerCode>
				</customers>
			</arg0>
		</ns2:retrieveCustomerFinancialInfo>
	</soap:Body>
</soap:Envelope> 